{
  "task": "eyes",
  "arch": "efficientnet_b2",
  "honest_split": true,
  "tta": true,
  "threshold": 0.8799999999999999,
  "n_test": 70,
  "test_distribution": {
    "anomaly": 14,
    "normal": 56
  },
  "accuracy": 0.5857142857142857,
  "auc_roc": 0.5057397959183674,
  "auc_roc_ci_95": [
    0.36566695757250267,
    0.6450980392156863
  ],
  "average_precision": 0.19507526558477115,
  "f1_anomaly": 0.06451612903225806,
  "confusion_matrix": [
    [
      40,
      16
    ],
    [
      13,
      1
    ]
  ]
}