{
  "arch": "efficientnet_b2",
  "tta": true,
  "threshold": 0.8799999999999999,
  "n_test": 70,
  "accuracy": 0.5857142857142857,
  "auc_roc": 0.5038265306122449,
  "auc_roc_ci_95": [
    0.3677940767519467,
    0.6450742240215924
  ],
  "average_precision": 0.19617416668367227,
  "confusion_matrix": [
    [
      40,
      16
    ],
    [
      13,
      1
    ]
  ],
  "y_true_anomaly": [
    1,
    1,
    1,
    1,
    1,
    1,
    1,
    1,
    1,
    1,
    1,
    1,
    1,
    1,
    0,
    0,
    0,
    0,
    0,
    0,
    0,
    0,
    0,
    0,
    0,
    0,
    0,
    0,
    0,
    0,
    0,
    0,
    0,
    0,
    0,
    0,
    0,
    0,
    0,
    0,
    0,
    0,
    0,
    0,
    0,
    0,
    0,
    0,
    0,
    0,
    0,
    0,
    0,
    0,
    0,
    0,
    0,
    0,
    0,
    0,
    0,
    0,
    0,
    0,
    0,
    0,
    0,
    0,
    0,
    0
  ],
  "p_anomaly": [
    0.27836,
    0.131717,
    0.705458,
    0.977412,
    0.853228,
    0.053924,
    0.534156,
    0.412535,
    0.106964,
    0.000357,
    0.66419,
    0.595156,
    0.02102,
    0.0,
    0.997733,
    0.0,
    0.577783,
    0.985238,
    0.023596,
    0.0,
    0.000637,
    0.0,
    0.000473,
    0.0,
    0.979396,
    0.13524,
    0.870834,
    0.00362,
    0.0,
    0.993879,
    0.998678,
    9.8e-05,
    0.982144,
    0.998966,
    0.474378,
    0.399312,
    0.0,
    1.0,
    1.0,
    0.748505,
    0.077327,
    0.999933,
    0.04121,
    0.220361,
    0.644345,
    0.04846,
    0.981418,
    1.0,
    0.002253,
    0.0,
    0.000308,
    0.022683,
    0.466876,
    1.0,
    0.62074,
    0.0,
    0.777355,
    0.0,
    0.998183,
    0.513729,
    0.034168,
    0.0,
    0.829609,
    0.0,
    0.219372,
    0.0,
    0.974399,
    0.000993,
    0.0,
    0.999995
  ]
}